no,ส,lv,p[gi[,1ส,2ส,3ส
1,1,643,^P,^P,ิz,ไTส
2,2,1042,ฑฦ่,ฑฦ่,Cข,ไTส
3,3,501,ไTส,ไTส,ษฑ,Cข
4,4,354,Pq,^P,๓,ไTส
5,5,291,_C,ษฑ,ิz,^P
6,6,820,ไTส,ไTส,ฑฦ่,Cข
7,7,773,็ฬ,ไTส,^P,ฑฦ่
8,8,486,^P,^P,ฑฦ่,ไTส
9,9,581,z,ข้ฉ,z,Cข
10,10,664,q,z,q,ไTส
11,11,433,Cข,Cข,ฑฦ่,ไTส
12,12,648,ฑฦ่,ฑฦ่,ไTส,Cข
13,13,602,ถG,ไTส,Gข,ฑฦ่
14,14,474,ไTส,ไTส,Cข,^P
15,15,1004,ฑฦ่,ฑฦ่,z,ไTส
16,16,913,ษฑ,ษฑ,^P,ไTส
17,17,1026,z,z,ิz,^P
18,18,1020,^P,^P,,ษฑ
19,19,1039,z,z,^P,ฑฦ่
20,20,604,ไTส,ไTส,Cข,ฑฦ่
21,21,428,z,z,ไTส,^P
22,22,800,Cข,Cข,ฑฦ่,ไTส
23,23,385,Pq,ษฑ,Pq,ฑฦ่
24,24,625,^P,^P,Cข,ฑฦ่
25,25,600,ไTส,z,ไTส,ฑฦ่
26,26,445,Pq,ษฑ,Cข,ไTส
27,27,427,ษฑ,ษฑ,ไTส,Cข
28,28,352,^P,^P,ิz,Pq
29,29,355,็ฬ,ไTส,ษฑ,ฑฦ่
30,30,583,๓,๓,Cข,z
31,31,446,ษฑ,ษฑ,Gข,^P
32,32,560,ษฑ,ษฑ,ฑฦ่,Cข
33,33,1022,ไTส,ไTส,Cข,ฑฦ่
34,34,371,Gข,Gข,Cข,^P
35,35,524,ษฑ,Gข,ษฑ,๓
36,36,369,ไTส,ไTส,ฑฦ่,Cข
37,37,837,Cข,Cข,ฑฦ่,ไTส
38,38,431,ิz,ไTส,ิz,ฑฦ่
39,39,364,^P,^P,ฑฦ่,ิz
40,40,213,ไTส,^P,ไTส,๓
41,41,802,Cข,ไTส,^P,fไป
42,42,456,็ฬ,ไTส,ฑฦ่,Cข
43,43,897,ฑฦ่,ฑฦ่,Cข,ไTส
44,44,332,ไTส,ฑฦ่,^P,ไTส
45,45,329,๓,Cข,^P,ไTส
46,46,275,ไTส,ไTส,ฑฦ่,Cข
47,47,485,Cข,Cข,ไTส,ฑฦ่
48,48,472,ฑฦ่,Cข,ไTส,ฑฦ่
49,49,1024,ฑฦ่,ฑฦ่,ิz,ส์
50,50,402,ฑฦ่,ฑฦ่,ไTส,Cข
51,51,493,Gข,ิz,^P,z
52,52,504,j,ฑฦ่,ไTส,Cข
53,53,501,Cข,ฑฦ่,Cข,^P
54,54,701,ฑฦ่,ฑฦ่,ไTส,ิz
55,55,428,ไTส,z,ฑฦ่,Cข
56,56,782,็ฬ,^P,z,ิz
57,57,433,ิz,ิz,^P,z
58,58,445,ฑฦ่,ไTส,ิz,ฑฦ่
59,59,558,ไTส,ิz,ไTส,ฑฦ่
60,60,537,Cข,Cข,ฑฦ่,ไTส
61,61,455,Cข,ษฑ,Cข,ไTส
62,62,724,็ฬ,ฑฦ่,ไTส,z
63,63,383,็ฬ,ไTส,Cข,Gข
64,64,477,๓,๓,Gข,^P
65,65,853,Cข,ไTส,ฑฦ่,Cข
66,66,544,Cข,Cข,๓,z
67,67,532,ไTส,ิz,rB,^P
68,68,343,j,ไTส,ิz,ิ
69,69,360,ไTส,ไTส,Cข,ฑฦ่
70,70,493,ไTส,ไTส,Cข,ฑฦ่
71,71,465,ษฑ,ษฑ,ไTส,Cข
72,72,761,๓,๓,^P,ไTส
73,73,249,_C,_C,Pq,ิ
74,74,511,ไTส,ไTส,ฑฦ่,Cข
75,75,307,ิz,ิz,ฑฦ่,ไTส
76,76,590,^P,PT,^P,ษฑ
77,77,641,Gข,๓,Gข,ษฑ
78,78,572,z,z,ิz,^P
79,79,555,๓,๓,ไTส,ษฑ
80,80,339,z,^P,๓,ไTส
81,81,511,ฑฦ่,ฑฦ่,ิz,ไTส
82,82,381,^P,z,ิz,ิ
83,83,539,ไTส,Gข,ไTส,๓
84,84,415,z,z,๓,Cข
85,85,504,ไTส,ไTส,ฑฦ่,ิz
86,86,418,Pq,๓,ษฑ,z
87,87,523,Gข,fไป,Cข,Gข
88,88,488,ไTส,^P,ไTส,Pq
89,89,654,Cข,Cข,ไTส,ฑฦ่
90,90,676,Pq,๓,^P,ไTส
91,91,649,ฑฦ่,ฑฦ่,ไTส,Cข
92,92,366,z,z,๓,Cข
93,93,401,ิz,ิz,ฑฦ่,ไTส
94,94,519,ไTส,ฑฦ่,ไTส,Cข
95,95,802,ไTส,็ฬ,ิz,ฑฦ่
96,96,701,Gข,Gข,^P,ษฑ
97,97,447,ไTส,ไTส,ฑฦ่,Cข
98,98,370,ษฑ,ษฑ,^P,๓
99,99,352,ิz,๓,ษฑ,Gข
100,100,662,z,z,Cข,๓
101,101,430,๓,๓,ษฑ,^P
102,102,387,ไTส,Cข,ฑฦ่,ไTส
103,103,540,ิz,Cข,ิz,z
104,104,441,^P,^P,ษฑ,ฑฦ่
105,105,215,Cข,Cข,ฑฦ่,ไTส
106,106,479,j,ไTส,ิz,Cข
107,107,382,็ฬ,^P,ฑฦ่,ิz
108,108,351,^P,^P,ษฑ,z
109,109,378,๓,๓,^P,ไTส
110,110,301,^P,^P,Cข,ิz
111,111,359,็ฬ,ไTส,Cข,ฑฦ่
112,112,600,๓,๓,ษฑ,ฑฦ่
113,113,880,ไTส,ไTส,ฑฦ่,Cข
114,114,367,Cข,Cข,ฑฦ่,ไTส
115,115,372,ฑฦ่,ฑฦ่,Cข,ไTส
116,116,636,Cข,๓,Cข,ฑฦ่
117,117,331,ส์,ิz,ไTส,ฑฦ่
118,118,474,^P,^P,fไป,ิz
119,119,510,ไTส,ไTส,ฑฦ่,ษฑ
120,120,409,^P,Cข,ฑฦ่,ไTส
121,121,681,ฑฦ่,ฑฦ่,ส์,ไTส
122,122,313,j,Cข,ฑฦ่,ไTส
123,123,987,Gข,Gข,ัุ,๓
124,124,449,ไTส,ษฑ,ฑฦ่,ไTส
125,125,353,ส์,Cข,Gข,๓
126,126,435,ษฑ,ษฑ,๓,^P
127,127,647,ไTส,ไTส,ฑฦ่,Cข
128,128,670,^P,fไป,ิ,z
129,129,560,^P,^P,Cข,ษฑ
130,130,928,z,ฑฦ่,ไTส,ิz
131,131,405,^P,Gข,^P,ิz
132,132,351,Gข,Gข,Cข,ไTส
133,133,989,ฑฦ่,ฑฦ่,Cข,^P
134,134,221,z,๓,^P,Gข
135,135,444,็ฬ,^P,ไTส,ฑฦ่
136,136,199,ฑฦ่,ไTส,^P,Cข
137,137,434,ฑฦ่,ฑฦ่,ษฑ,Cข
138,138,341,ไTส,ไTส,ฑฦ่,ิz
139,139,472,็ฬ,z,ไTส,Cข
140,140,411,ษฑ,ษฑ,Gข,^P
141,141,957,็ฬ,ฑฦ่,ิz,ิ
142,142,635,ิz,ิz,ฑฦ่,ไTส
143,143,358,Cข,Cข,ไTส,ิz
144,144,551,Cข,Cข,ฑฦ่,ไTส
145,145,455,ิ,ษฑ,ฑฦ่,ไTส
146,146,414,็ฬ,ไTส,Cข,ฑฦ่
147,147,435,_C,_C,ฑฦ่,ไTส
148,148,335,ไTส,๓,ไTส,z
149,149,523,z,z,ิz,^P
150,150,202,ฑฦ่,ฑฦ่,๓,Gข
151,151,370,Gข,Gข,ษฑ,๓
152,152,506,^P,^P,Cข,ไTส
153,153,541,ฑฦ่,ฑฦ่,ไTส,Cข
154,154,310,z,z,ไTส,ิz
155,155,389,_C,ษฑ,Gข,_C
156,156,481,ไTส,Cข,ไTส,ฑฦ่
157,157,407,ไTส,ไTส,ฑฦ่,Cข
158,158,614,Pq,^P,q,Pq
159,159,818,ิz,ิz,ไTส,ฑฦ่
160,160,625,ษฑ,ษฑ,ไTส,Gข
161,161,422,็ฬ,Cข,z,ไTส
162,162,410,ไTส,ิz,ไTส,z
163,163,451,^P,^P,ิz,Gข
164,164,806,ิz,ิz,ฑฦ่,Cข
165,165,428,ฑฦ่,ไTส,ฑฦ่,Cข
166,166,626,^P,^P,ิz,z
167,167,626,็ฬ,๓,Cข,z
168,168,399,ไTส,ไTส,ฑฦ่,ิz
169,169,477,Pq,Pq,ไTส,j
170,170,367,^P,^P,ิz,z
171,171,635,^P,^P,ษฑ,Gข
172,172,360,rB,ฑฦ่,ไTส,Cข
173,173,459,^P,Gข,^P,ษฑ
174,174,671,^P,^P,z,Gข
175,175,382,Gข,^P,ษฑ,ไTส
176,176,353,^P,ไTส,^P,Cข
177,177,314,Pq,ิz,ษฑ,z
178,178,388,ษฑ,ษฑ,ฑฦ่,^P
179,179,941,^P,^P,z,Gข
180,180,348,^P,ษฑ,ไTส,^P
181,181,432,ไTส,ิz,ไTส,ษฑ
182,182,353,็ฬ,^P,Cข,ไTส
183,183,461,^P,ิz,^P,z
184,184,394,Cข,Cข,ฑฦ่,ไTส
185,185,691,็ฬ,^P,็ฬ,ไTส
186,186,374,Pq,^P,ษฑ,Gข
187,187,417,rB,^P,ษฑ,ิ
188,188,534,ไTส,ษฑ,Gข,^P
189,189,326,Pq,ิ,ฑฦ่,Pq
190,190,467,Cข,Cข,ฑฦ่,ไTส
191,191,369,ิz,ิz,ฑฦ่,๓
192,192,391,ไTส,ไTส,ฑฦ่,Cข
193,193,413,Cข,^P,ษฑ,ไTส
194,194,403,ฑฦ่,ฑฦ่,ไTส,ิz
195,195,455,ิz,ิz,z,^P
196,196,476,ิz,ิz,^P,z
197,197,402,Gข,Gข,^P,ษฑ
198,198,464,ไTส,ไTส,ฑฦ่,Cข
199,199,566,Gข,Gข,ไTส,ิz
200,200,421,Cข,Cข,ไTส,ฑฦ่
201,201,327,็ฬ,ไTส,Cข,ฑฦ่
202,202,478,็ฬ,ฉณห,Cข,^P
203,203,579,ไTส,ไTส,ฑฦ่,Cข
204,204,553,ไTส,ไTส,Cข,^P
205,205,333,ไTส,z,ิz,ไTส
206,206,511,^P,^P,z,Gข
207,207,576,ฑฦ่,ฑฦ่,Cข,Gข
208,208,547,๓,z,Cข,๓
209,209,520,j,^P,ซ้,ไTส
210,210,921,Gข,Gข,ษฑ,^P
211,211,473,^P,z,Cข,ไTส
212,212,483,ฑฦ่,ิz,ไTส,z
213,213,232,ไTส,ิz,fไป,ไTส
214,214,1022,ิ,ฑฦ่,ิ,ไTส
215,215,389,Pq,Gข,^P,ษฑ
216,216,494,ส์,๓,^P,ษฑ
217,217,576,็ฬ,ิz,j,^P
218,218,430,z,z,Cข,ษฑ
219,219,453,q,q,ิz,ไTส
220,220,405,Cข,Cข,๓,z
221,221,492,ไTส,ไTส,Gข,^P
222,222,315,z,z,๓,Cข
223,223,677,j,j,^P,ษฑ
224,224,467,Cข,Cข,๓,ไTส
225,225,343,๑ถใ,ษฑ,^P,Gข
226,226,324,๓,๓,Cข,ไTส
227,227,315,ษฑ,ษฑ,๓,Gข
228,228,304,Gข,Gข,๓,^P
229,229,412,Cข,^P,ฑฦ่,ษฑ
230,230,409,็ฬ,Gข,๓,ษฑ
231,231,299,Pq,ไTส,ฑฦ่,ิz
232,232,372,ไTส,ไTส,ฑฦ่,Cข
233,233,413,Pq,z,Pq,Cข
234,234,224,ิz,ิz,^P,ไTส
235,235,555,ฑฦ่,Gข,ไTส,ษฑ
236,236,354,ไTส,๓,ิz,ไTส
237,237,669,ไTส,ฑฦ่,ิz,ไTส
238,238,442,ไTส,ไTส,Gข,ฑฦ่
239,239,363,z,ิz,^P,Cข
240,240,750,z,z,ิz,^P
241,241,312,ษฑ,ษฑ,Gข,^P
242,242,376,Pq,^P,z,ิz
243,243,465,็ฬ,็,ไTส,Cข
244,244,398,j,ฑฦ่,ไTส,ิz
245,245,541,๓,Cข,๓,ไTส
246,246,362,Pq,q,็ฬ,j
247,247,597,Pq,z,Cข,ไTส
248,248,342,j,ฑฦ่,ไTส,Cข
249,249,468,^P,^P,ิz,z
250,250,302,^P,ษฑ,Gข,^P
251,251,501,็ฬ,ิz,^P,z
252,252,502,ไTส,ฑฦ่,Cข,ไTส
253,253,296,ิz,ไTส,^P,Cข
254,254,328,็ฬ,ฑฦ่,z,Cข
255,255,936,ิ,ษฑ,ิz,ิ
256,256,470,ไTส,^P,Gข,ษฑ
257,257,318,ฑฦ่,ฑฦ่,Cข,ไTส
258,258,393,ไTส,ไTส,Cข,ฑฦ่
259,259,481,^P,^P,Gข,ิz
260,260,391,^P,^P,z,ิz
261,261,353,^P,^P,Gข,ษฑ
262,262,549,Gข,Gข,^P,ษฑ
263,263,494,๓,๓,Cข,z
264,264,802,ไTส,ไTส,ฑฦ่,Cข
265,265,382,๓,Cข,๓,z
266,266,484,็ฬ,Cข,ฑฦ่,ไTส
267,267,720,^P,^P,Gข,fไป
268,268,275,็ฬ,ไTส,ฑฦ่,Cข
269,269,434,j,Cข,ฑฦ่,๓
270,270,404,ไTส,Cข,ฑฦ่,ไTส
271,271,751,^P,^P,Gข,ิz
272,272,338,ิz,ิz,ฑฦ่,ไTส
273,273,226,Cข,ฑฦ่,ไTส,Cข
274,274,758,Cข,ฑฦ่,ิz,Cข
275,275,479,ไTส,Gข,ิz,^P
276,276,537,ฑฦ่,ฑฦ่,Cข,ไTส
277,277,386,ฑฦ่,j,Cข,ฑฦ่
278,278,791,ฑฦ่,ฑฦ่,ไTส,Cข
279,279,569,fไป,Gข,ไTส,็ฬ
280,280,296,ิz,ิz,^P,ไTส
281,281,372,ไTส,ไTส,Cข,ฑฦ่
282,282,615,็ฬ,ฑฦ่,็ฬ,ไTส
283,283,286,Cข,Cข,ไTส,z
284,284,380,z,z,^P,๓
285,285,563,ไTส,z,ไTส,ฑฦ่
286,286,356,Gข,ษฑ,๓,Gข
287,287,709,z,z,ศศฉ,j
288,288,471,ไTส,ไTส,ฑฦ่,Cข
289,289,422,Pq,ษฑ,๓,ฑฦ่
290,290,362,Cข,Cข,^P,z
291,291,328,Gข,Gข,^P,ษฑ
292,292,321,^P,^P,ษฑ,Gข
293,293,544,๓,๓,Cข,Gข
294,294,303,็ฬ,Pq,Cข,^P
295,295,350,j,ิz,ฑฦ่,ไTส
296,296,620,z,็,z,Cข
297,297,674,rB,^P,Gข,ิz
298,298,220,ฑฦ่,ฑฦ่,^P,ไTส
299,299,908,็ว,็ว,็้,็฿q
300,300,643,z,^P,ิz,z
301,301,254,ฑฦ่,ฑฦ่,ิz,ไTส
302,302,374,ิz,z,ิz,ฑฦ่
303,303,419,ส์,ส์,^P,ไTส
304,304,516,ไTส,Gข,Cข,rB
305,305,447,็ฬ,Cข,็ฬ,ไTส
306,306,569,Pq,Pq,ฑฦ่,q
307,307,475,็ฬ,z,ฑฦ่,ไTส
308,308,419,Gข,Gข,ษฑ,^P
309,309,1021,ิz,ิz,ไTส,๓
310,310,426,Cข,Cข,ษฑ,ิz
311,311,620,Gข,Gข,^P,๓
312,312,321,็ฬ,ไTส,ฑฦ่,Cข
313,313,622,q,q,ฑฦ่,ษฑ
314,314,404,ส์,ิz,z,_C
315,315,767,ิz,ิz,ฑฦ่,z
316,316,523,^P,ษฑ,ไTส,ิz
317,317,392,ไTส,ไTส,ฑฦ่,^P
318,318,502,ไTส,Gข,Cข,ฑฦ่
319,319,488,Cข,Cข,ฑฦ่,Gข
320,320,367,z,q,Cข,็ฬ
321,321,724,ษฑ,ษฑ,Gข,^P
322,322,299,ไTส,ไTส,ฑฦ่,Cข
323,323,343,j,Gข,ไTส,ฑฦ่
324,324,425,ฑฦ่,ฑฦ่,Cข,^P
325,325,372,Cข,Cข,ฑฦ่,ไTส
326,326,310,Pq,Pq,q,ิ
327,327,474,Cข,Cข,z,ษฑ
328,328,450,ิz,ิz,Cข,Gข
329,329,423,ฑฦ่,ฑฦ่,ิz,ไTส
330,330,513,^P,^P,ิz,ไTส
331,331,465,ิz,ิz,j,ฑฦ่
332,332,701,ฑฦ่,ฑฦ่,ษฑ,ไTส
333,333,487,ไTส,ิz,ไTส,ฑฦ่
334,334,407,z,^P,ษฑ,ิ
335,335,269,ไTส,ไTส,Gข,^P
336,336,280,Cข,Cข,ฑฦ่,ไTส
337,337,250,ส์,^P,ษฑ,ิz
338,338,212,ฑฦ่,ฑฦ่,ิz,ไTส
339,339,376,ษฑ,ษฑ,Cข,^P
340,340,322,ฑฦ่,ฑฦ่,ไTส,ิz
341,341,695,ฑฦ่,ฑฦ่,ไTส,Pq
342,342,534,Pq,Pq,ิz,ษฑ
343,343,121,ษฑ,ิz,Gข,ษฑ
344,344,129,ไTส,ฑฦ่,Cข,ษฑ
345,345,237,ิz,ิz,ไTส,ฑฦ่
346,346,354,Gข,Gข,^P,Cข
347,347,576,Cข,ิz,ไTส,^P
348,348,263,ไTส,ไTส,ฑฦ่,Cข
349,349,428,Cข,Gข,Cข,^P
350,350,399,ไTส,ไTส,ิz,ฑฦ่
351,351,435,Gข,Gข,ิz,ไTส
352,352,312,๓,๓,ิz,^P
353,353,282,ษฑ,๓,ษฑ,^P
354,354,245,Pq,^P,j,ส์
355,355,276,ส์,z,ฑฦ่,ษฑ
356,356,423,ฑฦ่,ฑฦ่,Cข,ไTส
357,357,257,ษฑ,ษฑ,๓,z
358,358,204,ษฑ,ษฑ,^P,Gข
359,359,212,๓,ฑฦ่,ิz,ษฑ
360,360,517,๓,๓,ไTส,Cข
361,361,149,ฑฦ่,ฑฦ่,ไTส,ษฑ
362,362,288,ฑฦ่,ฑฦ่,ไTส,^P
363,363,237,^P,^P,ษฑ,๓
364,364,206,_C,_C,ิz,^P
365,365,455,ิ,^P,ไTส,ิz
366,366,320,ไTส,ไTส,ิz,Cข
367,367,260,^P,^P,ไTส,Cข
368,368,418,rB,^P,ษฑ,ิ
369,369,198,Gข,ฑฦ่,Gข,^P
370,370,556,Gข,Gข,ไTส,ิz
371,371,459,ไTส,^P,Gข,ษฑ
372,372,320,ฑฦ่,ฑฦ่,ษฑ,ไTส
373,373,272,ฑฦ่,^P,ฑฦ่,z
374,374,431,๓,๓,ษฑ,^P
375,375,338,ฑฦ่,ฑฦ่,j,ไTส
376,376,649,ฑฦ่,ฑฦ่,ไTส,Cข
377,377,281,ิz,ิz,^P,z
378,378,181,Cข,ฑฦ่,Cข,Gข
379,379,277,ฑฦ่,ฑฦ่,Cข,ไTส
380,380,429,ไTส,๓,ไTส,ษฑ
381,381,460,็ฬ,ฑฦ่,Gข,ไTส
382,382,492,Pq,ษฑ,Cข,๓
383,383,384,z,z,^P,ิz
384,384,140,ฑฦ่,ฑฦ่,ษฑ,z
385,385,332,ไTส,q,ไTส,็ฬ
386,386,183,ฑฦ่,ฑฦ่,ิz,ษฑ
387,387,400,๓,๓,Gข,z
388,388,256,ฑฦ่,ฑฦ่,ิz,ไTส
389,389,459,ไTส,ไTส,Cข,ฑฦ่
390,390,134,ฑฦ่,Cข,rB,ฑฦ่
391,391,219,^P,z,ิz,^P
392,392,237,ฑฦ่,ฑฦ่,ิz,๓
393,393,253,^P,^P,ไTส,ิz
394,394,287,ฑฦ่,ฑฦ่,ิz,ไTส
395,395,312,j,ษฑ,ฑฦ่,Gข
396,396,314,ิ,ิz,ฑฦ่,ไTส
397,397,238,Pq,ฑฦ่,^P,ษฑ
398,398,471,๑ถใ,ไTส,ษฑ,Gข
399,399,306,ฑฦ่,ษฑ,^P,ิz
400,400,554,ษฑ,ษฑ,^P,Gข
401,401,367,ิz,็,ิz,๓
402,402,343,ฑฦ่,ฑฦ่,ส์,Cข
403,403,133,j,j,็ฬ,^P
404,404,209,ฑฦ่,ฑฦ่,ิz,Gข
405,405,120,ษฑ,ฑฦ่,^P,Gข
406,406,180,ฑฦ่,ฑฦ่,^P,Cข
407,407,520,j,^P,ซ้,ไTส
408,408,232,ฑฦ่,ฑฦ่,Cข,ิz
409,409,178,ฑฦ่,ฑฦ่,ไTส,Gข
410,410,591,z,z,Cข,^P
411,411,254,ฑฦ่,ฑฦ่,ิz,^P
412,412,475,ษฑ,ษฑ,ฑฦ่,ิz
413,413,513,ไTส,rB,ิz,q
414,414,374,ิz,ิz,ษฑ,ฑฦ่
415,415,861,ไTส,rB,ิz,ฌแ
416,416,364,ไTส,ฑฦ่,ิz,^P
417,417,343,ไTส,ไTส,ฑฦ่,็ฬ
418,418,429,Cข,ฑฦ่,^P,z
419,419,516,ไTส,ไTส,Pq,ฑฦ่
420,420,290,ไTส,ไTส,ฑฦ่,ษฑ
421,421,500,ิ,ฑฦ่,ไTส,Cข
422,422,248,ส์,^P,๓,ฑฦ่
423,423,399,Pq,ษฑ,^P,Gข
424,424,709,Pq,ิz,ไTส,Gข
425,425,594,z,z,^P,ิ
426,426,443,๓,๓,Cข,z
427,427,229,็ฬ,ไTส,็ฬ,^P
428,428,394,Cข,Cข,ฑฦ่,ไTส
429,429,521,j,z,j,Gข
430,430,375,ไTส,ฑฦ่,Cข,ไTส
431,431,300,Cข,Cข,^P,z
432,432,521,j,z,j,Gข
433,433,375,ไTส,ฑฦ่,Cข,ไTส
434,434,300,Cข,Cข,^P,z
435,435,326,ฑฦ่,ฑฦ่,ไTส,ิz
436,436,480,ฑฦ่,ฑฦ่,ไTส,Cข
437,437,458,Pq,q,ฑฦ่,Cข
438,438,429,ไTส,๓,Gข,_C
439,439,537,Cข,Cข,ไTส,^P
440,440,368,็ฬ,็ฬ,ิz,rB
441,441,373,ิz,ิz,^P,Cข
442,442,362,ไTส,ไTส,ฑฦ่,Cข
443,443,349,ไTส,ไTส,ฑฦ่,ิz
444,444,521,ิz,ฑฦ่,ิz,ไTส
445,445,369,ไTส,ไTส,Cข,ฑฦ่
446,446,326,z,^P,z,ษฑ
447,447,446,z,๓,Cข,z
448,448,373,ไTส,ษฑ,Gข,^P
449,449,270,ิz,Cข,ิz,ฑฦ่
450,450,576,Pq,Pq,^P,๓
451,451,211,๓,๓,ษฑ,ส์
452,452,387,Gข,Gข,ฑฦ่,ิz
453,453,402,q,q,rB,็ฬ
454,454,513,z,z,ิz,^P
455,455,491,ไTส,Cข,ฑฦ่,ไTส
456,456,290,Cข,Cข,ไTส,๓
457,457,821,z,ฑฦ่,^P,ิz
458,458,752,_C,_C,z,ษฑ
459,459,236,๓,๓,ฑฦ่,q
460,460,487,Pq,z,Pq,Cข
461,461,359,z,z,ิz,^P
462,462,372,^P,j,Cข,ษฑ
463,463,1014,ิz,ิz,ฑฦ่,ไTส
464,464,414,Gข,Gข,ษฑ,๓
465,465,545,ไTส,Cข,ฑฦ่,๓
466,466,330,ไTส,fไป,ิz,ไTส
467,467,479,ไTส,z,ไTส,ิz
468,468,1014,Cข,Cข,ไTส,ฑฦ่
469,469,526,ไTส,ไTส,Cข,ฑฦ่
470,470,367,z,z,๓,ิz
471,471,385,๓,Cข,ฑฦ่,๓
472,472,394,j,ไTส,j,Cข
473,473,375,Cข,Cข,ไTส,๓
474,474,331,ษฑ,ษฑ,ิz,z
475,475,802,ไTส,ไTส,Cข,ฑฦ่
476,476,373,ษฑ,ษฑ,ฑฦ่,Cข
477,477,355,z,Cข,ิz,z
478,478,260,ิz,๓,z,Gข
479,479,217,Cข,Cข,Gข,q
480,480,248,ฑฦ่,ฑฦ่,j,ไTส
481,481,396,ไTส,Cข,^P,๓
482,482,754,ฑฦ่,j,ฑฦ่,Cข
483,483,423,ไTส,ไTส,ิz,ษฑ
484,484,474,j,z,ิz,^P
485,485,277,ไTส,ไTส,ฑฦ่,Cข
486,486,353,ิz,ิz,rB,็ฬ
487,487,521,ษฑ,๓,Gข,ษฑ
488,488,400,ไTส,ไTส,๓,ฑฦ่
489,489,381,Gข,Gข,Pq,Cข
490,490,416,j,ไTส,ฑฦ่,Cข
491,491,608,_C,^P,ษฑ,Gข
492,492,353,ฑฦ่,ฑฦ่,ไTส,Cข
493,493,372,ิz,ิz,z,^P
494,494,486,z,z,^P,ิz
495,495,524,ิ,Cข,ิ,๓
496,496,486,ฑฦ่,ฑฦ่,ไTส,ิz
497,497,591,z,z,Cข,^P
498,498,435,ฑฦ่,ฑฦ่,Gข,ไTส
499,499,314,^P,^P,Gข,ษฑ
500,500,379,Gข,Gข,๓,ษฑ
501,501,374,ฑฦ่,ฑฦ่,ไTส,z
502,502,383,ไTส,ไTส,ิz,ฑฦ่
503,503,439,ฑฦ่,ไTส,Gข,^P
504,504,393,ิz,ิz,^P,z
505,505,326,ไTส,^P,Cข,Gข
506,506,363,ไTส,z,ิz,^P
507,507,499,ไTส,ไTส,Cข,ฑฦ่
508,508,400,ิz,Gข,ไTส,^P
509,509,632,ฑฦ่,^P,ฑฦ่,ษฑ
510,510,831,ไTส,ไTส,ฑฦ่,Cข
511,511,222,Gข,Gข,^P,ษฑ
512,512,826,j,ิz,ิ,j
513,513,374,Cข,Cข,ฑฦ่,^P
514,514,348,ไTส,Cข,ไTส,^P
515,515,563,ิz,ิz,^P,z
516,516,287,ไTส,ไTส,ฑฦ่,Cข
517,517,457,ไTส,ษฑ,Gข,๓
518,518,314,ฑฦ่,Cข,ฑฦ่,ไTส
519,519,407,ไTส,ฑฦ่,ไTส,Cข
520,520,261,็ฬ,็ฬ,Cข,ฑฦ่
521,521,512,ไTส,ฑฦ่,ไTส,ิz
522,522,512,ไTส,ฑฦ่,ไTส,ิz
523,523,464,ไTส,๓,Cข,z
524,524,423,ไTส,ไTส,^P,็ฬ
525,525,270,ฑฦ่,ฑฦ่,rB,Pq
526,526,862,Pq,ิz,Pq,z
527,527,281,ฑฦ่,ฑฦ่,q,Cข
528,528,402,ไTส,ฑฦ่,ไTส,^P
529,529,151,ิ,ิ,Cข,j
530,530,418,ไTส,๓,ษฑ,z
531,531,626,ไTส,^P,Cข,ฑฦ่
532,532,443,Pq,Cข,ฑฦ่,Pq
533,533,566,ไTส,ไTส,ิz,ฑฦ่
534,534,641,Gข,๓,Gข,ษฑ
535,535,293,ไTส,ษฑ,^P,Gข
536,536,501,rB,z,ิ,q
537,537,345,ษฑ,ษฑ,ฑฦ่,Gข
538,538,229,_C,Cข,Gข,j
539,539,401,ิz,ิz,ฑฦ่,ไTส
540,540,288,ฑฦ่,ฑฦ่,Cข,Gข
541,541,410,z,z,^P,ิz
542,542,255,ษฑ,ิz,rB,z
543,543,623,ไTส,ไTส,ฑฦ่,ิz
544,544,263,ษฑ,ษฑ,ไTส,Gข
545,545,329,Gข,Gข,^P,ษฑ
546,546,412,Gข,ิ,^P,ิz
547,547,480,j,ไTส,ิz,Cข
548,548,592,z,Cข,ไTส,z
549,549,381,_C,Gข,_C,^P
550,550,652,ไTส,ษฑ,z,^P
551,551,126,ไTส,ไTส,๓,ษฑ
552,552,384,Cข,Cข,ไTส,ฑฦ่
553,553,113,ิz,ิz,ฑฦ่,^P
554,554,561,ไTส,^P,z,ิz
555,555,576,ฑฦ่,Cข,ไTส,ฑฦ่
556,556,273,ฑฦ่,_C,ษฑ,Gข
557,557,219,_C,ส์,๓,ษฑ
558,558,592,z,Cข,ไTส,z
559,559,293,Pq,Cข,Gข,๓
560,560,359,Pq,ไTส,ฑฦ่,Cข
561,561,206,ไTส,ฑฦ่,ไTส,Cข
562,562,293,ฑฦ่,ฑฦ่,Cข,ไTส
563,563,765,z,z,^P,ิz
564,564,300,็ฬ,^P,ิz,z
565,565,374,ฑฦ่,ฑฦ่,ไTส,Cข
566,566,411,^P,^P,็ฬ,ษฑ
567,567,332,z,ิz,z,^P
568,568,221,^P,^P,Cข,ิz
569,569,414,ไTส,ฑฦ่,ไTส,ษฑ
570,570,409,ไTส,ิz,Gข,z
571,571,280,ิz,ษฑ,๓,Cข
572,572,736,ไTส,ฑฦ่,ิz,ไTส
573,573,482,^P,^P,ฑฦ่,ไTส
574,574,412,ไTส,ษฑ,^P,Cข
575,575,438,ไTส,Gข,q,^P
576,576,185,j,Gข,j,Pq
577,577,276,ไTส,ไTส,^P,Cข
578,578,276,ไTส,z,ษฑ,^P
579,579,347,z,z,๓,ิz
580,580,326,ฑฦ่,ฑฦ่,Cข,ษฑ
581,581,515,Cข,ไTส,Cข,ฑฦ่
582,582,238,Gข,Gข,_C,ไTส
583,583,290,Gข,Gข,๓,ษฑ
584,584,300,ไTส,ษฑ,ไTส,Gข
585,585,512,ไTส,z,^P,ิz
586,586,312,fไป,ิ,๓,^P
587,587,369,Cข,Cข,ษฑ,Gข
588,588,510,ไTส,ษฑ,ไTส,^P
589,589,306,Pq,ษฑ,^P,ิz
590,590,345,ไTส,^P,ไTส,๓
591,591,357,z,z,ิz,^P
592,592,663,^P,ษฑ,^P,Gข
593,593,627,Cข,ฑฦ่,ไTส,Cข
594,594,214,j,Pq,็ฬ,q
595,595,342,ไTส,ไTส,ฑฦ่,Cข
596,596,249,z,z,ไTส,ิz
597,597,377,^P,^P,ไTส,ิz
598,598,248,ษฑ,ษฑ,_C,Gข
599,599,310,ไTส,ไTส,^P,ษฑ
600,600,392,ษฑ,ษฑ,Gข,^P
601,601,356,ไTส,Cข,ไTส,ฑฦ่
602,602,328,^P,^P,ิz,Gข
603,603,537,ฑฦ่,^P,ษฑ,๓
604,604,522,ไTส,Cข,ฑฦ่,Cข
605,605,277,z,ิz,z,Cข
606,606,409,Gข,ษฑ,Cข,ไTส
607,607,590,ไTส,Gข,ษฑ,^P
608,608,342,ิz,ิz,ฑฦ่,ไTส
609,609,255,ไTส,ไTส,Cข,ฑฦ่
610,610,245,Cข,ฑฦ่,ิz,ไTส
611,611,415,ฑฦ่,ฑฦ่,z,ไTส
612,612,607,ษฑ,ษฑ,^P,Gข
613,613,845,Cข,Cข,ไTส,ฑฦ่
614,614,389,ไTส,Cข,ฑฦ่,ไTส
615,615,422,^P,^P,Gข,ิz
616,616,276,z,Cข,z,ไTส
617,617,280,j,ฑฦ่,ษฑ,^P
618,618,355,ไTส,Gข,ฑฦ่,ไTส
619,619,731,^P,ฑฦ่,^P,Cข
620,620,270,ษฑ,Gข,^P,ษฑ
621,621,325,นฌm,^P,ษฑ,Gข
622,622,294,ฑฦ่,Cข,ไTส,ษฑ
623,623,381,z,z,ิ,Cข
624,624,381,๓,๓,ษฑ,z
625,625,423,ไTส,ษฑ,ฑฦ่,Gข
626,626,296,ฑฦ่,ฑฦ่,ไTส,Cข
627,627,721,z,z,๓,ิz
628,628,552,๓,๓,ฑฦ่,Cข
629,629,374,ฑฦ่,ฑฦ่,ไTส,Cข
630,630,223,ิz,๓,ฑฦ่,ษฑ
631,631,296,ิz,ไTส,ิ,^P
632,632,273,ไTส,ส์,Cข,ไTส
633,633,411,ไTส,ไTส,ิz,^P
634,634,332,Pq,ษฑ,Cข,Gข
635,635,506,ฑฦ่,ไTส,ฑฦ่,Cข
636,636,446,ไTส,Cข,ไTส,ฑฦ่
637,637,462,๓,๓,Cข,^P
638,638,345,ไTส,^P,ไTส,z
639,639,521,ไTส,ฑฦ่,ไTส,๓
640,640,447,z,z,ิz,^P
641,641,344,๓,๓,ไTส,Gข
642,642,472,j,Cข,ษฑ,๓
643,643,619,ิz,ิz,^P,z
644,644,216,ไTส,ไTส,^P,๓
645,645,456,z,z,๓,Cข
646,646,307,^P,^P,ษฑ,ไTส
647,647,255,Pq,ิz,Pq,ฑฦ่
648,648,225,Pq,^P,ิz,z
649,649,255,z,ไTส,^P,๓
650,650,264,ฑฦ่,ไTส,^P,ฑฦ่
651,651,345,z,z,^P,ิz
652,652,1016,ษฑ,ษฑ,^P,Gข
653,653,722,^P,^P,Pq,ิz
654,654,461,ิz,ิz,^P,z
655,655,509,ฑฦ่,ฑฦ่,ไTส,Cข
656,656,367,ไTส,ษฑ,^P,Gข
657,657,370,Gข,๓,Gข,ษฑ
658,658,1005,ไTส,ฑฦ่,^P,z
659,659,197,j,Cข,็ฬ,ฑฦ่
660,660,323,Pq,Gข,^P,ไTส
661,661,328,ไTส,ไTส,Cข,ฑฦ่
662,662,450,ษฑ,ษฑ,ไTส,^P
663,663,284,^P,^P,Gข,ษฑ
664,664,417,ษฑ,Cข,ษฑ,z
665,665,511,ไTส,ฑฦ่,Cข,ไTส
666,666,349,ไTส,Cข,ไTส,ฑฦ่
667,667,399,ไTส,ไTส,็ฬ,Cข
668,668,390,^P,^P,ไTส,Cข
669,669,431,ไTส,Gข,๓,ไTส
670,670,447,Gข,Gข,^P,๓
671,671,323,Cข,Cข,ไTส,ิ
672,672,416,Cข,Cข,ไTส,ฑฦ่
673,673,577,^P,^P,ิz,ษฑ
674,674,316,ฑฦ่,ฑฦ่,ไTส,Cข
675,675,502,ไTส,Cข,ษฑ,ไTส
676,676,289,ฑฦ่,ฑฦ่,Cข,๓
677,677,451,ฑฦ่,ฑฦ่,ไTส,Cข
678,678,555,ไTส,ฑฦ่,ิz,ไTส
679,679,364,^P,^P,ษฑ,ิz
680,680,307,ไTส,z,^P,ิz
681,681,334,ิz,Cข,ิz,๓
682,682,552,๓,๓,Cข,z
683,683,383,^P,^P,ษฑ,ิz
684,684,718,Gข,Gข,Cข,^P
685,685,316,ไTส,ไTส,Cข,ฑฦ่
686,686,358,Cข,Cข,ฑฦ่,ไTส
687,687,251,ไTส,ิz,ฑฦ่,ไTส
688,688,408,^P,^P,Pq,ิz
689,689,251,ฑฦ่,ฑฦ่,ไTส,ิz
690,690,413,๓,๓,Cข,ษฑ
691,691,367,Cข,Cข,ิz,ไTส
692,692,379,็ฬ,ไTส,j,็ฬ
693,693,257,ไTส,ฑฦ่,ไTส,ิz
694,694,293,ไTส,ษฑ,Pq,^P
695,695,203,j,Cข,ฑฦ่,^P
696,696,390,Gข,Gข,ส์,^P
697,697,379,ิz,z,Cข,ิz
698,698,295,j,j,Cข,็ฬ
699,699,430,ฑฦ่,ฑฦ่,Cข,ไTส
700,700,333,^P,^P,Gข,ษฑ
701,701,382,ไTส,ไTส,ฑฦ่,Cข
702,702,513,Pq,z,ิz,^P
703,703,475,ฑฦ่,ฑฦ่,Cข,ไTส
704,704,307,ไTส,๓,Cข,ษฑ
705,705,420,ไTส,ไTส,Cข,ฑฦ่
706,706,456,ไTส,ฑฦ่,ไTส,Cข
707,707,452,ฑฦ่,ฑฦ่,ไTส,Cข
708,708,278,^P,^P,ษฑ,ไTส
709,709,398,๓,๓,z,Cข
710,710,312,ไTส,ไTส,Cข,ฑฦ่
711,711,393,ไTส,ไTส,Cข,ิz
712,712,420,ไTส,ไTส,^P,ฑฦ่
713,713,453,ฑฦ่,ฑฦ่,Cข,ไTส
714,714,302,q,q,ษฑ,็ฬ
715,715,249,ไTส,๓,Gข,ษฑ
716,716,358,ไTส,Gข,^P,๓
717,717,361,๓,๓,ิz,Gข
718,718,321,ษฑ,Gข,^P,ษฑ
719,719,513,j,ฑฦ่,Cข,^P
720,720,366,ไTส,ไTส,ฑฦ่,Cข
721,721,341,ไTส,ไTส,Cข,ฑฦ่
722,722,316,Gข,Gข,ฑฦ่,ไTส
723,723,354,ไTส,ไTส,Cข,j
724,724,395,Gข,Gข,ิz,ไTส
725,725,521,z,z,ิz,ไTส
726,726,350,ไTส,ไTส,ฑฦ่,ิz
727,727,330,ิ,Cข,ฑฦ่,Gข
728,728,337,^P,ไTส,ษฑ,ฑฦ่
729,729,358,Cข,Cข,ฑฦ่,Gข
730,730,303,j,j,ฑฦ่,ิz
731,731,257,j,Cข,ไTส,ฑฦ่
732,732,291,^P,^P,ไTส,ษฑ
733,733,473,ฑฦ่,ไTส,Gข,^P
734,734,380,ไTส,Gข,ษฑ,^P
735,735,700,ไTส,ไTส,ฑฦ่,Cข
736,736,483,Cข,Cข,^P,z
737,737,457,๓,Cข,z,๓
738,738,322,ไTส,Cข,ไTส,ฑฦ่
739,739,358,ไTส,ไTส,Cข,ฑฦ่
740,740,379,ฑฦ่,๓,ไTส,z
741,741,340,ฑฦ่,ฑฦ่,ไTส,Cข
742,742,353,๓,๓,ษฑ,Gข
743,743,195,Pq,ิ,^P,ษฑ
744,744,322,_C,_C,๓,Gข
745,745,401,ิz,ิz,z,^P
746,746,349,ไTส,ไTส,ฑฦ่,Cข
747,747,654,Pq,Cข,Pq,q
748,748,285,๓,๓,ิz,ฑฦ่
749,749,866,j,j,Gข,q
750,750,494,^P,^P,ษฑ,ฑฦ่
751,751,258,ฑฦ่,Gข,๓,ษฑ
752,752,418,ิz,ิz,^P,j
753,753,627,๓,๓,Gข,Cข
754,754,363,z,^P,Gข,ษฑ
755,755,309,ไTส,ไTส,ิz,^P
756,756,518,๓,๓,ไTส,Cข
757,757,352,ฑฦ่,ฑฦ่,ไTส,ิz
758,758,469,ฑฦ่,z,Cข,^P
759,759,291,Pq,q,ิ,Pq
760,760,459,Pq,๓,q,Cข
761,761,388,^P,^P,ไTส,Gข
762,762,512,ส์,Gข,ิz,^P
763,763,396,ไTส,Gข,ิz,Cข
764,764,468,ฑฦ่,ฑฦ่,Cข,ไTส
765,765,513,Cข,Cข,ไTส,ฑฦ่
766,766,259,ิz,ิz,z,^P
767,767,449,ไTส,๓,ไTส,^P
768,768,320,Pq,ิz,^P,ษฑ
769,769,401,็ฬ,Cข,็ฬ,ไTส
770,770,331,j,q,็ฬ,ส์
771,771,393,ไTส,ิz,ไTส,^P
772,772,266,ไTส,๓,ไTส,ฑฦ่
773,773,340,j,z,Cข,๓
774,774,354,็ฬ,Cข,็ฬ,๓
775,775,254,ไTส,Cข,ไTส,ฑฦ่
776,776,510,ไTส,ไTส,Cข,j
777,777,408,ฑฦ่,ฑฦ่,ษฑ,^P
778,778,336,ไTส,ไTส,ิz,Cข
779,779,459,ไTส,ไTส,Cข,ฑฦ่
780,780,577,Cข,ิz,ไTส,^P
781,781,412,z,z,ิz,ษฑ
782,782,274,^P,^P,ษฑ,Gข
783,783,444,Cข,Cข,ฑฦ่,ษฑ
784,784,425,ไTส,Cข,z,ไTส
785,785,290,๓,๓,Gข,ษฑ
786,786,315,q,^P,ฑฦ่,Cข
787,787,500,ไTส,ไTส,ฑฦ่,ิz
788,788,337,๓,๓,Gข,ษฑ
789,789,320,Pq,Gข,^P,ษฑ
790,790,629,ฑฦ่,ฑฦ่,็ฬ,ิz
791,791,277,ิ,ิ,ฑฦ่,^P
792,792,268,q,^P,q,ิz
793,793,383,๓,z,๓,Cข
794,794,557,ไTส,ไTส,ิz,^P
795,795,355,ฑฦ่,ฑฦ่,Cข,ไTส
796,796,329,๓,๓,^P,Gข
797,797,444,q,ฑฦ่,ไTส,ษฑ
798,798,272,ไTส,ษฑ,Cข,ฑฦ่
799,799,255,^P,^P,ษฑ,Gข
800,800,315,ไTส,Gข,ษฑ,ไTส
801,801,347,ไTส,Cข,ไTส,ฑฦ่
802,802,370,Cข,Cข,ิz,๓
803,803,425,ฑฦ่,^P,Gข,ฑฦ่
804,804,580,ไTส,ิz,ฑฦ่,z
805,805,340,ไTส,ไTส,Cข,ฑฦ่
806,806,333,Cข,Cข,๓,z
807,807,324,ษฑ,ษฑ,ฑฦ่,^P
808,808,326,Cข,Cข,^P,ฑฦ่
809,809,506,z,z,Gข,ฑฦ่
810,810,356,ฑฦ่,ฑฦ่,ไTส,Cข
811,811,409,็ฬ,ิz,^P,ไTส
812,812,310,ฑฦ่,ฑฦ่,ิz,Cข
813,813,572,ไTส,Gข,ษฑ,ไTส
814,814,268,^P,^P,z,Gข
815,815,300,_C,ิz,_C,ไTส
816,816,342,ฑฦ่,ฑฦ่,ไTส,ิz
817,817,421,z,z,^P,Gข
818,818,475,Cข,z,Cข,j
819,819,489,z,z,ิz,^P
820,820,700,Cข,็ฬ,j,q
821,821,407,Cข,Cข,z,๓
822,822,390,Pq,ษฑ,^P,fไป
823,823,517,ไTส,ฑฦ่,ไTส,ิz
824,824,466,ิz,ิz,ไTส,ฑฦ่
825,825,327,Cข,Cข,Pq,ฑฦ่
826,826,300,้ค,^P,ฑฦ่,ไTส
827,827,460,ษฑ,Gข,ษฑ,๓
828,828,469,_C,Cข,๓,ไTส
829,829,278,ษฑ,ษฑ,Cข,๓
830,830,512,ษฑ,ษฑ,๓,Gข
831,831,396,z,z,Cข,ิz
832,832,290,^P,๓,^P,ษฑ
833,833,346,ไTส,๓,Gข,ษฑ
834,834,283,ส์,ิz,ษฑ,ไTส
835,835,365,rB,Cข,^P,z
836,836,361,ฑฦ่,Gข,๓,ษฑ
837,837,388,ฑฦ่,ไTส,ฑฦ่,Cข
838,838,364,ษฑ,ษฑ,^P,Gข
839,839,288,Gข,Gข,ษฑ,^P
840,840,287,z,z,^P,ิz
841,841,407,z,z,ิz,ไTส
842,842,411,ไTส,ษฑ,^P,Gข
843,843,238,ฑฦ่,^P,ฑฦ่,ิz
844,844,422,ไTส,ฑฦ่,ไTส,ิz
845,845,486,Cข,Cข,ไTส,ฑฦ่
846,846,445,ิz,^P,ไTส,ิz
847,847,246,j,Gข,๓,Cข
848,848,246,ไTส,ไTส,Cข,ฑฦ่
849,849,314,ิz,ิz,ฑฦ่,ไTส
850,850,368,_C,ษฑ,Gข,๓
851,851,237,ฑฦ่,ไTส,ษฑ,Gข
852,852,332,z,z,Cข,๓
853,853,291,rB,rB,ไTส,ฑฦ่
854,854,384,ไTส,Cข,ไTส,ฑฦ่
855,855,310,ส์,z,ไTส,ิz
856,856,447,fไป,๓,Cข,ไTส
857,857,406,๓,๓,Gข,ษฑ
858,858,746,Cข,Cข,ไTส,q
859,859,200,^P,Cข,ฑฦ่,^P
860,860,464,ฑฦ่,ฑฦ่,ไTส,Cข
861,861,511,ไTส,๓,ไTส,^P
862,862,255,ฑฦ่,ฑฦ่,Cข,Gข
863,863,283,ิ,Cข,ไTส,๓
864,864,568,Gข,Gข,ษฑ,^P
865,865,341,ไTส,^P,ไTส,Cข
866,866,460,ษฑ,ษฑ,Pq,ไTส
867,867,458,Pq,ไTส,ฑฦ่,๓
868,868,398,ไTส,ไTส,ิz,^P
869,869,294,ไTส,^P,ษฑ,ิz
870,870,333,Cข,Cข,๓,ไTส
871,871,411,ไTส,ิz,ไTส,ฑฦ่
872,872,318,ษฑ,Gข,^P,ษฑ
873,873,262,ฑฦ่,ฑฦ่,ไTส,Cข
874,874,415,z,z,๓,Cข
875,875,183,ไTส,ไTส,ฑฦ่,ิz
876,876,412,Pq,Gข,ษฑ,Pq
877,877,294,Cข,ไTส,ฑฦ่,็ฬ
878,878,301,_C,_C,Gข,ษฑ
879,879,242,ไTส,ไTส,ฑฦ่,Cข
880,880,376,ไTส,Cข,ไTส,ฑฦ่
881,881,512,ฑฦ่,ฑฦ่,ส์,ิz
882,882,432,ษฑ,ษฑ,^P,ไTส
883,883,459,ษฑ,ษฑ,rB,ไTส
884,884,358,Gข,Gข,ษฑ,^P
885,885,303,z,^P,๓,z
886,886,383,j,ิz,Cข,Gข
887,887,758,z,z,ิz,Cข
888,888,376,ิ,Cข,z,ษฑ
889,889,521,ไTส,ษฑ,๓,Cข
890,890,408,ิz,ิz,ไTส,^P
891,891,254,^P,^P,ไTส,Gข
892,892,257,ไTส,ไTส,ฑฦ่,Cข
893,893,276,ไTส,ไTส,ฑฦ่,Cข
894,894,476,rB,ฑฦ่,Cข,ิz
895,895,507,z,z,^P,ิz
896,896,337,Cข,Cข,ไTส,Gข
897,897,323,Gข,๓,Gข,ษฑ
898,898,388,ไTส,ไTส,ิz,ฑฦ่
899,899,402,ิz,ิ,ิz,ไTส
900,900,341,ไTส,Cข,Gข,๓
901,901,259,z,๓,ไTส,Cข
902,902,392,ไTส,ไTส,ฑฦ่,Cข
903,903,349,ษฑ,ษฑ,^P,Gข
904,904,453,ไTส,ษฑ,ไTส,^P
905,905,315,Cข,Cข,ิz,z
906,906,417,z,z,ฑฦ่,ิz
907,907,549,ฑฦ่,ฑฦ่,ไTส,Cข
908,908,667,ิz,RR,ฉณห,D
909,909,176,rB,ิ,rB,NXeB[i
910,910,282,Gข,Gข,ษฑ,ไTส
911,911,501,ไTส,ิ,ไTส,ฑฦ่
912,912,360,ฑฦ่,ไTส,^P,ฑฦ่
913,913,476,Pq,ิz,ไTส,^P
914,914,593,ไTส,j,Cข,ไTส
915,915,232,ิz,ิz,ไTส,z
916,916,841,ไTส,Cข,๓,ไTส
917,917,283,ิ,ไTส,ฑฦ่,^P
918,918,500,ไTส,ไTส,็ฬ,ฑฦ่
919,919,335,ฑฦ่,ฑฦ่,ไTส,Cข
920,920,286,fไป,Gข,^P,ษฑ
921,921,435,Cข,Cข,ไTส,ฑฦ่
922,922,325,j,ไTส,ฑฦ่,Cข
923,923,343,ษฑ,Gข,ษฑ,^P
924,924,708,ิz,ิz,Gข,ฑฦ่
925,925,737,q,q,ฑฦ่,็ฬ
926,926,325,ไTส,z,ไTส,๓
927,927,416,Cข,ฑฦ่,ิz,Cข
928,928,445,Pq,ไTส,Cข,ฑฦ่
929,929,682,Cข,Cข,ฑฦ่,๓
930,930,470,ไTส,ฑฦ่,ไTส,Cข
931,931,247,๓,๓,Cข,Gข
932,932,362,ฑฦ่,ฑฦ่,ไTส,Cข
933,933,355,ษฑ,ษฑ,ิz,Gข
934,934,290,Cข,Cข,ไTส,ฑฦ่
935,935,409,q,ฑฦ่,ิz,ไTส
936,936,326,Cข,Cข,^P,ไTส
937,937,537,z,z,็ฬ,j
938,938,340,j,Cข,๓,^P
939,939,586,ไTส,ไTส,Cข,ฑฦ่
940,940,272,z,z,ิz,^P
941,941,178,ษฑ,ษฑ,Gข,^P
942,942,245,ไTส,^P,Cข,ไTส
943,943,293,_C,_C,ษฑ,^P
944,944,378,^P,z,Cข,^P
945,945,209,ไTส,ไTส,ษฑ,Cข
946,946,358,๓,๓,ิz,ไTส
947,947,513,fไป,ิz,ไTส,^P
948,948,415,Cข,ไTส,็ฬ,Cข
949,949,484,j,ไTส,ฑฦ่,Cข
950,950,371,j,ฑฦ่,Cข,ไTส
951,951,384,ฑฦ่,ฑฦ่,Gข,^P
952,952,342,Cข,Cข,ฑฦ่,Gข
953,953,417,z,z,^P,ิz
954,954,305,z,z,^P,ิz
955,955,355,ิz,ิz,^P,ไTส
956,956,430,ิz,ิz,z,^P
957,957,383,ิ,ิ,q,๓
958,958,296,^P,^P,Gข,ษฑ
959,959,285,Cข,Cข,ไTส,^P
960,960,263,ฑฦ่,ฑฦ่,^P,ิz
961,961,271,Gข,Gข,^P,ษฑ
962,962,299,ไTส,ไTส,ฑฦ่,Cข
963,963,287,Cข,Cข,z,๓
964,964,349,fไป,^P,ิz,Gข
965,965,439,ไTส,ไTส,ิz,ฑฦ่
966,966,347,ฑฦ่,ฑฦ่,Cข,ไTส
967,967,214,Cข,Cข,ไTส,^P
968,968,352,๓,๓,Gข,Cข
969,969,339,Cข,Cข,ไTส,ฑฦ่
970,970,234,Pq,Pq,q,ษฑ
971,971,204,ไTส,ไTส,Cข,ษฑ
972,972,387,^P,๓,^P,Gข
973,973,361,_C,Gข,^P,ษฑ
974,974,490,๓,๓,Gข,ษฑ
975,975,413,Pq,ไTส,q,ฑฦ่
976,976,241,^P,^P,ิz,ษฑ
977,977,262,z,๓,Gข,ษฑ
978,978,287,^P,^P,ษฑ,Gข
979,979,360,ไTส,ไTส,Cข,ฑฦ่
980,980,311,_C,Gข,ษฑ,^P
981,981,367,j,ฑฦ่,ไTส,_C
982,982,432,ฑฦ่,ฑฦ่,ไTส,Cข
983,983,305,_C,ษฑ,_C,Gข
984,984,350,ไTส,ไTส,็ฬ,ฑฦ่
985,985,376,ฑฦ่,^P,ิz,ฑฦ่
986,986,276,fไป,fไป,ษฑ,^P
987,987,355,Cข,Cข,z,ไTส
988,988,352,Gข,Cข,Gข,ไTส
989,989,347,็ฬ,ไTส,ฑฦ่,Cข
990,990,629,็ฬ,z,็ฬ,ไTส
991,991,338,ไTส,ฑฦ่,ไTส,ิz
992,992,395,ไTส,Cข,ฑฦ่,ไTส
993,993,266,z,z,็ฬ,ษฑ
994,994,272,ิz,ิz,ไTส,ฑฦ่
995,995,333,z,z,^P,ิz
996,996,307,ิz,ิz,ไTส,^P
997,997,268,ไTส,๓,ไTส,Gข
998,998,648,ิz,ิz,RR,Cข
999,999,415,ไTส,^P,ไTส,ส์
1000,1000,495,ฑฦ่,ฑฦ่,ไTส,Gข
1001,1001,512,Cข,Cข,q,^P
1002,1002,271,j,Cข,ไTส,็ฬ
1003,1003,304,z,๓,z,Cข
1004,1004,309,ฑฦ่,ฑฦ่,^P,ไTส
1005,1005,377,ฑฦ่,ฑฦ่,Cข,Gข
1006,1006,355,๓,๓,Cข,z
1007,1007,270,ฑฦ่,Gข,ฑฦ่,๓
1008,1008,263,Cข,Cข,ไTส,ฑฦ่
1009,1009,355,Cข,Cข,^P,๓
1010,1010,300,z,z,^P,ิz
1011,1011,367,^P,^P,Cข,ษฑ
1012,1012,309,^P,Gข,^P,ไTส
1013,1013,330,ฑฦ่,Cข,ไTส,ฑฦ่
1014,1014,509,Cข,Cข,ไTส,ฑฦ่
1015,1015,341,z,z,^P,๓
1016,1016,298,ส์,z,^P,ิz
1017,1017,316,ิz,ไTส,ฑฦ่,ิz
1018,1018,380,VF,Cข,ไTส,Gข
1019,1019,505,ไTส,ไTส,ฑฦ่,Cข
1020,1020,359,j,ไTส,Cข,ฑฦ่
1021,1021,266,q,Cข,q,ไTส
1022,1022,349,ไTส,ไTส,Cข,ฑฦ่
1023,1023,438,ษฑ,ษฑ,^P,Gข
1024,1024,437,j,q,Gข,๓
1025,1025,397,Cข,Cข,ฑฦ่,ไTส
1026,1026,293,ไTส,ไTส,๓,ฑฦ่
1027,1027,323,ิz,ิz,ไTส,ฑฦ่
1028,1028,506,Cข,ิz,ฑฦ่,ไTส
1029,1029,323,ฑฦ่,ฑฦ่,Cข,ไTส
1030,1030,345,rB,ฑฦ่,ไTส,ิz
1031,1031,332,ิz,ิz,ฑฦ่,^P
1032,1032,229,ิz,๓,Cข,ไTส
1033,1033,280,ไTส,ิz,Gข,๓
1034,1034,338,ษฑ,ไTส,ษฑ,ิz
1035,1035,682,j,ิz,ไTส,j
1036,1036,455,ษฑ,ษฑ,Gข,^P
1037,1037,543,Gข,Gข,^P,ฑฦ่
1038,1038,410,z,z,^P,ิz
1039,1039,313,ษฑ,^P,ิz,ษฑ
1040,1040,310,q,Cข,ไTส,q
1041,1041,291,ส์,๓,Gข,ษฑ
1042,1042,384,ฑฦ่,ฑฦ่,z,ิz
1043,1043,307,Cข,ไTส,z,Cข
1044,1044,421,ิz,ิz,ไTส,ฑฦ่
1045,1045,284,ไTส,ไTส,Cข,ฑฦ่
1046,1046,367,Cข,Cข,ไTส,ฑฦ่
1047,1047,355,Gข,Gข,^P,ฑฦ่
1048,1048,337,ไTส,ไTส,Cข,^P
1049,1049,429,^P,^P,z,Gข
1050,1050,296,Cข,Cข,ไTส,็ฬ
1051,1051,365,ไTส,ฑฦ่,ไTส,Gข
1052,1052,432,Cข,Cข,Gข,ไTส
1053,1053,402,^P,ษฑ,^P,Cข
1054,1054,446,^P,ไTส,ษฑ,ฑฦ่
1055,1055,357,z,z,^P,Cข
1056,1056,288,ษฑ,ษฑ,๓,Gข
1057,1057,345,z,๓,z,Cข
1058,1058,218,๓,๓,Cข,ษฑ
1059,1059,318,z,z,ิz,^P
1060,1060,322,ฑฦ่,ฑฦ่,Cข,ไTส
1061,1061,260,z,z,^P,ิz
1062,1062,330,ไTส,ไTส,ฑฦ่,ิz
1063,1063,380,ไTส,ไTส,Cข,ฑฦ่
1064,1064,290,^P,^P,Gข,ษฑ
1065,1065,340,ฑฦ่,ฑฦ่,ไTส,^P
1066,1066,348,๓,๓,Cข,z
1067,1067,415,Pq,ไTส,z,๓
1068,1068,366,Gข,Gข,^P,๓
1069,1069,422,็ฬ,ฑฦ่,Gข,ไTส
1070,1070,344,Cข,Cข,ิz,Gข
1071,1071,288,ไTส,ฑฦ่,ไTส,ิz
1072,1072,427,Pq,Pq,ิz,rB
1073,1073,331,^P,ไTส,^P,Gข
1074,1074,384,Cข,Cข,ไTส,ฑฦ่
1075,1075,228,_C,_C,Gข,^P
1076,1076,349,^P,^P,ิz,z
1077,1077,359,q,Gข,^P,ษฑ
1078,1078,569,ิ,ิz,^P,z
1079,1079,306,z,z,ิz,๓
1080,1080,320,Pq,ษฑ,^P,Gข
1081,1081,351,ไTส,ไTส,็ฬ,ฑฦ่
1082,1082,1014,q,q,^P,ิz
1083,1083,534,Pq,Pq,ิz,ษฑ
1084,1084,359,ไTส,Cข,ไTส,^P
1085,1085,544,j,ฑฦ่,q,็ฬ
1086,1086,565,z,z,Cข,ฑฦ่
1087,1087,229,ไTส,Cข,ไTส,Gข
1088,1088,393,ิ,z,^P,Gข
1089,1089,343,ฑฦ่,ฑฦ่,ไTส,Cข
1090,1090,386,Gข,Gข,ไTส,Cข
1091,1091,320,ไTส,^P,ไTส,ิz
1092,1092,468,q,Gข,ิz,๓
1093,1093,384,Gข,Gข,^P,ษฑ
1094,1094,562,Cข,ฑฦ่,Cข,ไTส
1095,1095,409,ฑฦ่,ไTส,ฑฦ่,Cข
1096,1096,304,rB,rB,ไTส,็ฬ
1097,1097,435,z,z,^P,Cข
1098,1098,580,j,Gข,Pq,z
1099,1099,330,๓,๓,^P,ไTส
1100,1100,277,Gข,^P,Gข,ษฑ
1101,1101,272,q,ฑฦ่,Gข,ไTส
1102,1102,290,Gข,Gข,^P,ษฑ
1103,1103,277,_C,^P,ฑฦ่,_C
1104,1104,339,ส์,^P,ิz,Cข
1105,1105,444,ไTส,Gข,ไTส,Cข
1106,1106,264,q,q,^P,ฑฦ่
1107,1107,294,ษฑ,ิz,ษฑ,ไTส
1108,1108,472,Gข,Gข,^P,ไTส
1109,1109,353,ไTส,ไTส,ฑฦ่,ิz
1110,1110,312,ไTส,ไTส,ิz,Cข
1111,1111,337,ไTส,Cข,ฑฦ่,ไTส
1112,1112,392,Pq,ิz,Pq,ไTส
1113,1113,442,^P,Gข,^P,ษฑ
1114,1114,346,ฑฦ่,ฑฦ่,Cข,ไTส
1115,1115,266,z,z,^P,ิz
1116,1116,343,Cข,Cข,ไTส,ฑฦ่
1117,1117,203,ิ,็ฬ,ิ,_C
1118,1118,315,ฑฦ่,๓,z,^P
1119,1119,439,ิz,ิz,ไTส,ฑฦ่
1120,1120,341,Pq,Cข,๓,ฑฦ่
1121,1121,414,Pq,ษฑ,Gข,Cข
1122,1122,581,ไTส,Cข,_C,็ฬ
1123,1123,293,Pq,ษฑ,Pq,ฑฦ่
1124,1124,312,็ฬ,Gข,^P,ิz
1125,1125,349,^P,^P,ษฑ,Gข
1126,1126,417,ไTส,Pq,Gข,^P
1127,1127,339,ิz,ิz,ฑฦ่,^P
1128,1128,382,๓,๓,Gข,ษฑ
1129,1129,281,Gข,Gข,^P,๓
1130,1130,526,Pq,Cข,ฑฦ่,ิz
1131,1131,515,^P,^P,ษฑ,ิz
1132,1132,498,ิz,ิz,ไTส,ฑฦ่
1133,1133,731,^P,^P,Gข,ษฑ
1134,1134,429,Gข,Gข,ฑฦ่,Cข
1135,1135,385,ไTส,ไTส,ฑฦ่,ษฑ
1136,1136,456,ิ,^P,ไTส,ิz
1137,1137,461,ไTส,ฑฦ่,ไTส,ิz
1138,1138,335,ส์,ส์,Gข,Cข
1139,1139,340,ไTส,Cข,ไTส,ฑฦ่
1140,1140,345,z,z,^P,ษฑ
1141,1141,373,ไTส,ไTส,ฑฦ่,ิz
1142,1142,280,ฑฦ่,ฑฦ่,Gข,ไTส
1143,1143,298,็ฬ,็ฬ,ไTส,ฑฦ่
1144,1144,324,ิ,ิ,ิz,ฑฦ่
1145,1145,333,Cข,Cข,q,ไTส
1146,1146,204,ิz,ฑฦ่,ษฑ,^P
1147,1147,471,z,z,^P,ิz
1148,1148,272,ไTส,ไTส,Cข,ฑฦ่
1149,1149,264,๓,๓,ไTส,ฑฦ่
1150,1150,603,็ฬ,z,็ฬ,๓
1151,1151,329,ษฑ,ษฑ,๓,Gข
1152,1152,321,Cข,Cข,ฑฦ่,ไTส
1153,1153,386,ไTส,ฑฦ่,ไTส,ิz
1154,1154,695,ฑฦ่,ฑฦ่,ไTส,Pq
1155,1155,440,^P,^P,ิz,Gข
1156,1156,400,๓,๓,ิz,^P
1157,1157,355,ิ,ฑฦ่,ิz,๓
1158,1158,418,ฑฦ่,ิz,๓,z
1159,1159,213,rB,็ฬ,rB,j
1160,1160,249,rB,ิz,^P,z
1161,1161,402,ฑฦ่,ฑฦ่,ษฑ,ไTส
1162,1162,349,็ฬ,^P,z,ิz
1163,1163,319,ฑฦ่,ฑฦ่,ิz,๓
1164,1164,333,fไป,๓,Gข,fไป
1165,1165,231,Gข,Gข,๓,ษฑ
1166,1166,298,^P,^P,Gข,ษฑ
1167,1167,317,j,^P,j,ษฑ
1168,1168,223,็ฬ,Pq,_C,q
1169,1169,451,้ค,Cข,ไTส,ษฑ
1170,1170,304,๓,ิz,๓,^P
1171,1171,310,๓,^P,ษฑ,Gข
1172,1172,282,ฑฦ่,ฑฦ่,ไTส,^P
1173,1173,182,ฑฦ่,ฑฦ่,ษฑ,^P
1174,1174,234,ไTส,ิz,ไTส,Cข
1175,1175,218,Pq,Pq,q,rB
1176,1176,338,Cข,ไTส,Cข,ษฑ
1177,1177,109,ฑฦ่,ฑฦ่,๓,ษฑ
1178,1178,354,๓,๓,ไTส,ษฑ
1179,1179,346,๓,Gข,Cข,๓
1180,1180,364,ไTส,ษฑ,ฑฦ่,z
1181,1181,353,Gข,j,Gข,ไTส
1182,1182,178,ไTส,ไTส,Cข,z
1183,1183,603,ส์,ไTส,Gข,ฑฦ่
1184,1184,120,ษฑ,ฑฦ่,ษฑ,Gข
1185,1185,187,๓,๓,fไป,j
1186,1186,266,ิz,ิz,ฑฦ่,๓
1187,1187,253,ไTส,ษฑ,^P,z
1188,1188,522,๓,๓,Cข,z
1189,1189,237,ิz,ิz,j,ฑฦ่
1190,1190,260,๓,๓,Gข,ษฑ
1191,1191,239,q,ิz,j,ไTส
1192,1192,287,Gข,Gข,^P,ษฑ
1193,1193,316,Gข,Cข,Gข,ไTส
1194,1194,319,Cข,Cข,ไTส,ฑฦ่
1195,1195,287,^P,ฑฦ่,^P,Cข
1196,1196,265,Pq,ฑฦ่,ษฑ,Gข
1197,1197,286,ไTส,ไTส,ษฑ,ิz
1198,1198,373,Cข,Cข,q,ฑฦ่
1199,1199,303,ิz,ิz,ไTส,ฑฦ่
1200,1200,352,๓,๓,Gข,ษฑ
1201,1201,273,ไTส,ิz,Cข,ไTส
1202,1202,350,ฑฦ่,ฑฦ่,ิz,ไTส
1203,1203,431,ไTส,ไTส,ฑฦ่,ษฑ
1204,1204,336,ษฑ,Gข,๓,ษฑ
1205,1205,294,Gข,๓,Gข,ษฑ
1206,1206,395,fไป,z,fไป,^P
1207,1207,278,z,๓,z,Gข
1208,1208,816,z,ิz,z,^P
1209,1209,245,ไTส,ไTส,^P,ิz
1210,1210,376,Pq,^P,Pq,ไTส
1211,1211,564,Gข,Gข,_C,ษฑ
1212,1212,260,Cข,ไTส,Cข,^P
1213,1213,347,๓,๓,Gข,ษฑ
1214,1214,291,ไTส,Cข,ฑฦ่,^P
1215,1215,272,q,q,Cข,็ฬ
1216,1216,489,_C,^P,ไTส,Gข
1217,1217,411,_C,Cข,๓,ไTส
1218,1218,248,rB,ษฑ,Cข,q
1219,1219,283,ไTส,Cข,ิz,z
1220,1220,565,Gข,Gข,ษฑ,^P
1221,1221,633,ฑฦ่,z,Cข,ิz
1222,1222,373,ิz,ิz,^P,ไTส
1223,1223,306,ไTส,ฑฦ่,ไTส,Cข
1224,1224,812,ไTส,ไTส,ฑฦ่,ิz
1225,1225,269,j,ฑฦ่,ไTส,Cข
1226,1226,253,็ฬ,^P,Gข,ฑฦ่
1227,1227,149,ษฑ,ษฑ,Gข,^P
1228,1228,345,ษฑ,ษฑ,^P,Gข
1229,1229,389,ษฑ,ษฑ,๓,z
1230,1230,230,ไTส,Cข,ฑฦ่,ไTส
1231,1231,250,ไTส,ไTส,ฑฦ่,ษฑ
1232,1232,302,ไTส,ไTส,ฑฦ่,Cข
1233,1233,349,ไTส,ไTส,Cข,ฑฦ่
1234,1234,321,ิz,ฑฦ่,ไTส,ิz
1235,1235,332,ิz,ิz,^P,ไTส
1236,1236,310,๓,^P,ษฑ,Gข
1237,1237,324,Pq,ษฑ,Gข,ิz
1238,1238,502,z,z,^P,ิz
1239,1239,365,z,z,ิz,^P
1240,1240,456,ไTส,Cข,j,ไTส
1241,1241,295,๓,๓,Gข,ษฑ
1242,1242,279,็ฬ,Gข,๓,^P
1243,1243,284,Cข,Cข,ไTส,Gข
1244,1244,320,ฑฦ่,Cข,ฑฦ่,j
1245,1245,595,j,j,ิz,ฑฦ่
1246,1246,500,Gข,Gข,m,^P
1247,1247,332,z,z,ิz,^P
1248,1248,431,^P,z,Cข,^P
1249,1249,270,j,ไTส,ฑฦ่,ิz
1250,1250,306,ษฑ,ษฑ,๓,Gข
1251,1251,518,z,z,ิz,^P
1252,1252,231,^P,^P,ิz,z
1253,1253,484,ฌแ,Cข,ไTส,ฑฦ่
1254,1254,517,j,^P,ิz,z
1255,1255,578,ฑฦ่,ฑฦ่,Cข,ไTส
1256,1256,271,ฑฦ่,ฑฦ่,ไTส,ิz
1257,1257,261,Pq,ฑฦ่,๓,Gข
1258,1258,531,ไTส,ไTส,ฑฦ่,Cข
1259,1259,276,Gข,Gข,ฑฦ่,ไTส
1260,1260,263,ฑฦ่,Cข,ฑฦ่,ไTส
1261,1261,326,q,ษฑ,Cข,๓
1262,1262,276,ษฑ,ฑฦ่,ษฑ,ไTส
1263,1263,365,๓,๓,Cข,ิz
1264,1264,385,๓,๓,Cข,ฑฦ่
1265,1265,418,Cข,Cข,ไTส,ฑฦ่
1266,1266,371,z,z,ไTส,ิz
1267,1267,199,ษฑ,ษฑ,Cข,ไTส
1268,1268,445,็ฬ,ิz,Gข,็ฬ
1269,1269,285,Gข,Gข,๓,ษฑ
1270,1270,285,Cข,Cข,ไTส,ฑฦ่
1271,1271,385,๓,๓,Gข,ษฑ
1272,1272,243,๓,^P,๓,Gข
1273,1273,243,ฑฦ่,็ฬ,ิz,ไTส
1274,1274,568,Pq,Pq,^P,q
1275,1275,325,^P,^P,ฑฦ่,Pq
1276,1276,351,Gข,Gข,z,ษฑ
1277,1277,282,z,ฑฦ่,ิz,z
1278,1278,253,^P,^P,ิz,z
1279,1279,271,๓,ไTส,๓,Gข
1280,1280,559,^P,^P,z,ิz
1281,1281,420,Cข,VF,Cข,ิz
1282,1282,623,Cข,ไTส,ฑฦ่,ิz
1283,1283,417,ิz,ษฑ,ิz,Gข
1284,1284,330,Cข,Cข,ไTส,ฑฦ่
1285,1285,359,ิz,๓,^P,ษฑ
1286,1286,245,Gข,๓,Gข,ส์
1287,1287,366,ษฑ,ษฑ,๓,ไTส
1288,1288,321,Cข,ไTส,Cข,ฑฦ่
1289,1289,577,ฑฦ่,ฑฦ่,ไTส,ิz
1290,1290,203,ไTส,ไTส,Cข,ฑฦ่
1291,1291,372,^P,^P,๓,z
1292,1292,502,z,z,ิz,^P
1293,1293,316,rB,ษฑ,ิz,^P
1294,1294,191,ไTส,ไTส,Cข,ฑฦ่
1295,1295,381,ฑฦ่,ฑฦ่,ิz,ไTส
1296,1296,258,ฑฦ่,ฑฦ่,Cข,j
1297,1297,326,Cข,Cข,ฑฦ่,ไTส
1298,1298,508,j,z,j,q
1299,1299,382,z,Cข,z,๓
1300,1300,320,ษฑ,Gข,ษฑ,๓
1301,1301,369,Pq,ไTส,ฑฦ่,Cข
1302,1302,364,ไTส,Gข,fไป,^P
1303,1303,394,ฑฦ่,ษฑ,Cข,Gข
1304,1304,224,ไTส,ไTส,ฑฦ่,Cข
1305,1305,274,^P,^P,ไTส,_C
1306,1306,310,Pq,^P,Gข,ไTส
1307,1307,427,Gข,Gข,^P,ษฑ
1308,1308,327,q,z,^P,Cข
1309,1309,419,j,ไTส,ิz,Gข
1310,1310,308,^P,^P,z,Cข
1311,1311,239,j,ิz,ฑฦ่,^P
1312,1312,318,๓,๓,Cข,ไTส
1313,1313,257,z,z,^P,ิz
1314,1314,313,^P,^P,ิz,Gข
1315,1315,319,๓,๓,ไTส,ษฑ
1316,1316,372,_C,Cข,_C,ไTส
1317,1317,362,Cข,Cข,ฑฦ่,ษฑ
1318,1318,399,^P,^P,Gข,ษฑ
1319,1319,542,^P,ไTส,^P,ิ
1320,1320,258,z,z,ษฑ,Gข
1321,1321,280,Pq,^P,ิz,Cข
1322,1322,203,ไTส,ไTส,^P,ฑฦ่
1323,1323,412,z,z,ิz,^P
1324,1324,316,^P,^P,ฑฦ่,j
1325,1325,742,z,z,Cข,^P
1326,1326,504,Cข,Cข,ไTส,ฑฦ่
1327,1327,367,j,ิz,ฑฦ่,^P
1328,1328,381,ิz,ิz,fไป,ษฑ
1329,1329,417,Cข,Cข,ไTส,^P
1330,1330,244,ิz,ษฑ,^P,Gข
1331,1331,425,RR,ษฑ,^P,ฑฦ่
1332,1332,327,z,z,Cข,ิz
1333,1333,257,ฑฦ่,ฑฦ่,ิz,ไTส
1334,1334,354,ไTส,ไTส,rB,๓
1335,1335,304,ิz,ิz,^P,z
1336,1336,253,ฑฦ่,ไTส,ฑฦ่,Cข
1337,1337,637,^P,z,Gข,ษฑ
1338,1338,411,Pq,๓,^P,Pq
1339,1339,455,ฑฦ่,ฑฦ่,Cข,ไTส
1340,1340,266,^P,^P,ษฑ,Gข
1341,1341,500,ไTส,ไTส,^P,Cข
1342,1342,361,ิz,ิz,ไTส,^P
1343,1343,181,ฑฦ่,ฑฦ่,ไTส,Cข
1344,1344,354,ฑฦ่,ิz,ฑฦ่,ไTส
1345,1345,485,Gข,Gข,Cข,^P
1346,1346,402,^P,^P,ไTส,ษฑ
1347,1347,276,Cข,Cข,ษฑ,Gข
1348,1348,433,^P,^P,Gข,ษฑ
1349,1349,291,ฑฦ่,ฑฦ่,ไTส,Cข
1350,1350,378,z,Cข,z,๓
1351,1351,406,ฑฦ่,ฑฦ่,ไTส,Cข
1352,1352,304,Cข,Cข,Gข,^P
1353,1353,332,ษฑ,ษฑ,ิ,๓
1354,1354,461,ไTส,ไTส,Cข,ฑฦ่
1355,1355,285,Pq,_C,Gข,ฑฦ่
1356,1356,347,rB,Cข,ไTส,ฑฦ่
1357,1357,245,q,Cข,ไTส,ฑฦ่
1358,1358,310,ฑฦ่,ฑฦ่,ิz,j
1359,1359,625,ฑฦ่,ฑฦ่,Cข,z
1360,1360,350,ไTส,Gข,ไTส,ษฑ
1361,1361,338,ไTส,๓,Gข,ษฑ
1362,1362,311,ไTส,๓,Gข,^P
1363,1363,640,Cข,ไTส,Cข,ฑฦ่
1364,1364,281,Cข,Cข,ฑฦ่,ไTส
1365,1365,478,Pq,^P,z,Cข
1366,1366,255,Pq,Pq,^P,็ฬ
1367,1367,348,ไTส,ไTส,ฑฦ่,ิz
1368,1368,400,Gข,Gข,ฑฦ่,ไTส
1369,1369,226,j,j,q,็ฬ
1370,1370,485,^P,Gข,^P,ิz
1371,1371,394,Cข,Cข,๓,ฑฦ่
1372,1372,584,ิz,ษฑ,ิz,ไTส
1373,1373,312,Cข,Cข,^P,ิz
1374,1374,239,Cข,Cข,Gข,ไTส
1375,1375,266,๓,z,Gข,ิz
1376,1376,326,ฑฦ่,ไTส,Cข,ฑฦ่
1377,1377,352,j,ไTส,Cข,ฑฦ่
1378,1378,252,Pq,Pq,ไTส,๓
1379,1379,326,ษฑ,ษฑ,^P,Gข
1380,1380,285,ฑฦ่,ฑฦ่,ไTส,Cข
1381,1381,267,Cข,Cข,ไTส,ฑฦ่
1382,1382,347,ไTส,ไTส,ฑฦ่,ิz
1383,1383,329,ิz,ิz,Cข,ฑฦ่
1384,1384,447,ิ,ิz,ฑฦ่,ไTส
1385,1385,247,Cข,Cข,ฑฦ่,ษฑ
1386,1386,287,ไTส,ไTส,^P,Cข
1387,1387,504,็ฬ,ไTส,^P,Cข
1388,1388,301,ษฑ,ษฑ,^P,Gข
1389,1389,267,Pq,ษฑ,Pq,Cข
1390,1390,316,Pq,๓,Gข,z
1391,1391,435,Cข,Cข,ไTส,ฑฦ่
1392,1392,349,๓,๓,Cข,Gข
1393,1393,302,ฑฦ่,Cข,ฑฦ่,ไTส
1394,1394,320,ิz,ิz,ไTส,ฑฦ่
1395,1395,248,^P,ิz,^P,ฑฦ่
1396,1396,302,็ฬ,็ฬ,ไTส,ฑฦ่
1397,1397,348,ไTส,ไTส,ฑฦ่,Cข
1398,1398,445,z,z,ิz,^P
1399,1399,285,z,ิz,ไTส,ฑฦ่
1400,1400,321,ิz,ิz,ไTส,ฑฦ่
1401,1401,252,ิz,ิz,ฑฦ่,ไTส
1402,1402,232,็ฬ,็ฬ,q,_C
1403,1403,364,ิz,ิz,ไTส,^P
1404,1404,441,Pq,ฑฦ่,ไTส,Cข
1405,1405,445,ฑฦ่,ิz,ฑฦ่,ไTส
1406,1406,312,fไป,๓,Gข,ฑฦ่
1407,1407,394,Cข,Cข,Gข,ษฑ
1408,1408,270,ิz,ิz,^P,ไTส
1409,1409,377,Pq,ษฑ,ฑฦ่,ไTส
1410,1410,298,j,^P,ษฑ,๓
1411,1411,267,Gข,Gข,๓,Cข
1412,1412,325,ไTส,ไTส,ฑฦ่,^P
1413,1413,243,ฑฦ่,Cข,ฑฦ่,ไTส
1414,1414,225,Gข,ไTส,Cข,ฑฦ่
1415,1415,362,^P,^P,ิz,z
1416,1416,375,ษฑ,ษฑ,Gข,๓
1417,1417,192,Pq,Gข,^P,ษฑ
1418,1418,178,ส์,๓,Cข,ฑฦ่
1419,1419,261,ษฑ,ษฑ,Gข,^P
1420,1420,252,Cข,Cข,Gข,ไTส
1421,1421,316,q,ฑฦ่,Cข,ไTส
1422,1422,233,ฑฦ่,ฑฦ่,ิ,ไTส
1423,1423,402,q,Cข,๓,ฑฦ่
1424,1424,343,Pq,ฑฦ่,ไTส,^P
1425,1425,278,j,ฑฦ่,ส์,ไTส
1426,1426,233,Pq,Pq,j,ิ
1427,1427,577,^P,^P,ไTส,ษฑ
1428,1428,374,๓,๓,Gข,ษฑ
1429,1429,316,Gข,Cข,๓,^P
1430,1430,340,ฑฦ่,^P,ไTส,ฑฦ่
1431,1431,351,๓,๓,Gข,ษฑ
1432,1432,325,rB,Cข,ฑฦ่,ไTส
1433,1433,288,ไTส,ไTส,ฑฦ่,Cข
1434,1434,306,q,Cข,ฑฦ่,ไTส
1435,1435,517,ิ,๓,ษฑ,Gข
1436,1436,406,Cข,Cข,Gข,ฑฦ่
1437,1437,477,ข้ฉ,๓,ข้ฉ,z
1438,1438,247,ไTส,ไTส,Gข,็ฬ
1439,1439,345,z,^P,Cข,ไTส
1440,1440,265,็ฬ,ฑฦ่,z,ไTส
1441,1441,276,ไTส,ไTส,ิz,ฑฦ่
1442,1442,446,Cข,Cข,ไTส,ส์
1443,1443,298,ไTส,ฑฦ่,ิz,Cข
1444,1444,212,ไTส,ษฑ,^P,Gข
1445,1445,306,Cข,Cข,ไTส,๓
1446,1446,349,็ฬ,็ฬ,ไTส,ฑฦ่
1447,1447,390,ไTส,ไTส,ิz,Cข
1448,1448,324,ไTส,ฑฦ่,ไTส,Cข
1449,1449,715,ฑฦ่,ฑฦ่,Pq,Cข
1450,1450,452,ฑฦ่,ฑฦ่,ไTส,๓
1451,1451,219,Cข,Cข,^P,ฑฦ่
1452,1452,386,ษฑ,ษฑ,ไTส,Gข
1453,1453,241,^P,ิz,q,^P
1454,1454,405,ษฑ,ษฑ,^P,Gข
1455,1455,400,^P,ษฑ,ไTส,ฑฦ่
1456,1456,311,ิz,ษฑ,ิz,^P
1457,1457,361,z,z,๓,^P
1458,1458,264,็ฬ,Gข,ษฑ,^P
1459,1459,300,^P,^P,ิz,Pq
1460,1460,206,ฑฦ่,ฑฦ่,Cข,ไTส
1461,1461,283,j,ไTส,ฑฦ่,Gข
1462,1462,329,ิz,ฑฦ่,ิz,ไTส
1463,1463,344,ไTส,ฑฦ่,Cข,ไTส
1464,1464,281,ษฑ,ษฑ,^P,Gข
1465,1465,374,Cข,ฑฦ่,ไTส,Cข
1466,1466,287,^P,Gข,^P,๓
1467,1467,379,ิz,ิz,ษฑ,ไTส
1468,1468,245,ฑฦ่,ฑฦ่,ไTส,Cข
1469,1469,344,ิz,ิz,^P,z
1470,1470,344,ิz,ิz,^P,z
1471,1471,298,Cข,Cข,ฑฦ่,ไTส
1472,1472,394,Gข,Gข,^P,z
1473,1473,351,Pq,Cข,q,^P
1474,1474,372,ไTส,Gข,ษฑ,^P
1475,1475,272,^P,^P,z,ิz
1476,1476,389,ิz,ไTส,^P,Cข
1477,1477,350,ิ,๓,Gข,^P
1478,1478,253,ไTส,^P,ไTส,ิz
1479,1479,368,z,z,ไTส,๓
1480,1480,329,ฑฦ่,ฑฦ่,Cข,ิz
1481,1481,353,ไTส,๓,Cข,ิz
1482,1482,296,Cข,ฑฦ่,Cข,ไTส
1483,1483,305,ส์,ไTส,ส์,Cข
1484,1484,439,๓,๓,Gข,Cข
1485,1485,302,ิz,ิz,ษฑ,z
1486,1486,352,ไTส,๓,Gข,Cข
1487,1487,339,ษฑ,ษฑ,^P,q
1488,1488,245,๓,Cข,๓,^P
1489,1489,436,ษฑ,ฑฦ่,ไTส,ิz
1490,1490,448,j,z,j,ฑฦ่
1491,1491,202,ษฑ,ฑฦ่,Cข,^P
1492,1492,368,ไTส,ไTส,Cข,ฑฦ่
1493,1493,241,ฑฦ่,Cข,q,j
1494,1494,215,๓,q,ษฑ,ไTส
1495,1495,364,j,ิz,ไTส,z
1496,1496,392,ไTส,๓,ษฑ,ไTส
1497,1497,212,ิz,ิz,ไTส,z
1498,1498,350,Pq,Gข,๓,^P
1499,1499,285,ษฑ,ษฑ,^P,Gข
1500,1500,502,^P,Gข,๓,ฑฦ่
1501,1501,1011,^P,^P,z,q
1502,1502,306,็ฬ,z,ฑฦ่,ไTส
1503,1503,263,ไTส,ฑฦ่,ไTส,Cข
1504,1504,348,Cข,Cข,Gข,^P
1505,1505,682,๓,๓,z,Cข
1506,1506,205,Cข,Cข,ไTส,ษฑ
1507,1507,354,j,ไTส,j,ฑฦ่
1508,1508,368,Cข,z,Cข,๓
1509,1509,302,๓,๓,Gข,Cข
1510,1510,304,ิz,ิz,z,^P
1511,1511,422,ไTส,ษฑ,^P,๓
1512,1512,345,Pq,ษฑ,^P,q
1513,1513,252,๓,^P,๓,z
1514,1514,466,๓,๓,Gข,ฑฦ่
1515,1515,438,rB,ฑฦ่,ิz,ไTส
1516,1516,320,^P,^P,๓,Cข
1517,1517,368,^P,ษฑ,z,Gข
1518,1518,465,ิz,ิz,z,Cข
1519,1519,444,Cข,Cข,^P,ไTส
1520,1520,422,^P,ฑฦ่,^P,ษฑ
1521,1521,394,ส์,ส์,ไTส,ิz
1522,1522,314,ิz,ิz,^P,z
1523,1523,402,Cข,Cข,ไTส,ฑฦ่
1524,1524,591,ไTส,ไTส,Cข,ฑฦ่
1525,1525,343,ไTส,z,ไTส,ิz
1526,1526,372,็ฬ,ไTส,็ฬ,^P
1527,1527,282,Pq,ษฑ,z,ิz
1528,1528,387,๓,๓,ษฑ,Gข
1529,1529,406,๓,๓,Gข,ษฑ
1530,1530,241,ไTส,ไTส,ฑฦ่,ิz
1531,1531,272,Cข,Cข,ไTส,ฑฦ่
1532,1532,251,ไTส,ไTส,ฑฦ่,Cข
1533,1533,391,^P,ิz,^P,Pq
1534,1534,448,ิz,ิz,z,^P
1535,1535,545,^P,^P,ฑฦ่,ิz
1536,1536,327,Pq,ิz,ไTส,ฑฦ่
1537,1537,296,Cข,Cข,Gข,ฑฦ่
1538,1538,398,Gข,Gข,^P,ษฑ
1539,1539,300,ฑฦ่,ฑฦ่,ไTส,Cข
1540,1540,425,Gข,Gข,_C,^P
1541,1541,264,ไTส,Cข,๓,ไTส
1542,1542,247,Pq,ฑฦ่,Pq,Cข
1543,1543,361,๓,๓,^P,ไTส
1544,1544,414,Cข,Cข,ฑฦ่,ไTส
1545,1545,251,ไTส,๓,Cข,ษฑ
1546,1546,316,Pq,๓,ิz,ไTส
1547,1547,328,q,ิz,ไTส,ฑฦ่
1548,1548,460,z,^P,Gข,ษฑ
1549,1549,361,ไTส,๓,ฑฦ่,ษฑ
1550,1550,306,ไTส,ิz,ไTส,๓
1551,1551,525,Gข,Gข,ฑฦ่,๓
1552,1552,627,rB,็ฬ,ฑฦ่,ิz
1553,1553,652,ษฑ,ษฑ,z,^P
1554,1554,614,z,z,^P,Cข
1555,1555,335,q,Gข,ิz,ฑฦ่
1556,1556,266,z,z,๓,Cข
1557,1557,345,ิz,ิz,^P,z
1558,1558,285,Pq,q,็ฬ,fไป
1559,1559,329,^P,ิ,^P,ิz
1560,1560,452,ไTส,Gข,ไTส,ิz
1561,1561,293,ษฑ,ษฑ,^P,Gข
1562,1562,318,ไTส,ิ,q,็ฬ
1563,1563,604,ไTส,ไTส,j,ฑฦ่
1564,1564,492,z,z,^P,Cข
1565,1565,392,Pq,Cข,ไTส,ฑฦ่
1566,1566,548,z,z,Cข,ิz
1567,1567,287,ฑฦ่,ฑฦ่,ส์,ไTส
1568,1568,274,ิz,Pq,็ฬ,q
1569,1569,253,Gข,Gข,ษฑ,fไป
1570,1570,437,๓,๓,ษฑ,Gข
1571,1571,226,ไTส,Cข,ไTส,z
1572,1572,255,ไTส,ิz,ฑฦ่,z
1573,1573,283,z,ิz,^P,z
1574,1574,353,ษฑ,ษฑ,ไTส,Gข
1575,1575,254,Pq,Cข,Gข,ิz
1576,1576,316,_C,ษฑ,ไTส,_C
1577,1577,430,ิz,ิz,^P,z
1578,1578,197,j,j,็ฬ,ฑฦ่
1579,1579,268,^P,ิz,ิz,rB
1580,1580,378,ไTส,ไTส,^P,ฑฦ่
1581,1581,350,ฑฦ่,ฑฦ่,ไTส,Cข
1582,1582,427,j,Gข,j,^P
1583,1583,329,ิz,ิz,ไTส,^P
1584,1584,281,ฑฦ่,Cข,ฑฦ่,ไTส
1585,1585,281,ฑฦ่,ฑฦ่,ษฑ,z
1586,1586,323,ฑฦ่,ฑฦ่,๓,ไTส
1587,1587,384,Cข,Cข,^P,ฑฦ่
1588,1588,315,๓,๓,z,Gข
1589,1589,362,j,^P,ิz,ไTส
1590,1590,438,ไTส,ไTส,ฑฦ่,ษฑ
1591,1591,344,j,ไTส,ฑฦ่,ิz
1592,1592,363,Gข,Gข,^P,ิz
1593,1593,352,Cข,Cข,ิz,ษฑ
1594,1594,393,Cข,ฑฦ่,ฑฦ่,ไTส
1595,1595,405,_C,ิz,ฑฦ่,Cข
1596,1596,366,ไTส,ฑฦ่,j,ไTส
1597,1597,258,rB,rB,j,q
1598,1598,488,ส์,ไTส,ฑฦ่,Cข
1599,1599,338,ษฑ,ษฑ,^P,ิz
1600,1600,422,Cข,๓,Cข,Gข
1601,1601,484,ษฑ,ษฑ,^P,ฑฦ่
1602,1602,390,j,ฑฦ่,ไTส,ิz
1603,1603,226,^P,^P,ิz,^P
1604,1604,449,ฑฦ่,Gข,ฑฦ่,ไTส
1605,1605,372,ฑฦ่,ฑฦ่,Cข,ิ
1606,1606,240,Cข,ิz,ไTส,Gข
1607,1607,271,Gข,Gข,^P,ษฑ
1608,1608,433,ส์,ไTส,ฑฦ่,Gข
1609,1609,213,Cข,Cข,ิz,ฑฦ่
1610,1610,310,Cข,Cข,ฑฦ่,ษฑ
1611,1611,233,q,ฑฦ่,Cข,ไTส
1612,1612,297,Pq,Cข,z,ไTส
1613,1613,425,q,Gข,Cข,z
1614,1614,272,Cข,Cข,ฑฦ่,ไTส
1615,1615,1000,Cข,_C,Cข,^P
1616,1616,287,z,z,ิz,Cข
1617,1617,431,_C,^P,ไTส,ษฑ
1618,1618,507,ฑฦ่,ฑฦ่,ิz,ไTส
1619,1619,183,^P,z,^P,ไTส
1620,1620,358,j,ษฑ,๓,ฑฦ่
1621,1621,293,Pq,Pq,ิz,^P
1622,1622,304,ไTส,^P,ิ,Gข
1623,1623,350,Cข,ฑฦ่,Cข,ไTส
1624,1624,319,ษฑ,Gข,ษฑ,ิ
1625,1625,318,ิz,ิz,z,^P
1626,1626,235,Cข,Cข,ไTส,ฑฦ่
1627,1627,360,^P,^P,Gข,ส์
1628,1628,302,z,ิz,z,^P
1629,1629,205,Pq,^P,ิz,Cข
1630,1630,428,Cข,Cข,ไTส,ฑฦ่
